avg_packet_size,flow_duration,src_port,dst_port,payload_entropy,label
549.6714153011233,12.798710873172004,9629,185,3.252712962629021,Normal
486.1735698828815,11.849267365825538,35806,41,4.1251104025460945,Normal
564.7688538100692,10.119260739840348,2405,173,4.530320657633533,Normal
652.3029856408025,8.706126444588852,2122,958,4.880838414601493,Normal
476.5846625276664,11.39644662722718,20834,458,3.031646343993642,Normal
476.58630430508197,10.7869707708435,53831,314,4.045520283123739,Normal
657.9212815507392,11.790386440055464,25346,238,3.9417347124463538,Normal
576.7434729152909,11.270343603363939,42893,688,4.312110043951408,Normal
453.05256140650476,12.09910543063867,33979,514,4.119157708930684,Normal
554.2560043585964,8.929529576878863,62412,249,4.374078301164961,Normal
453.65823071875377,12.634788131268651,45740,39,4.3161651694983805,Normal
453.4270246429743,10.3951992093848,11231,572,3.2340234497158926,Normal
524.1962271566034,14.150521745250531,22817,969,4.599435827237439,Normal
308.6719755342202,8.621624363820864,3116,167,3.2464651514326497,Normal
327.5082167486967,13.4719276063305,29244,127,4.3970612504182744,Normal
443.77124707590275,10.395821566925296,19538,422,3.8322907352812132,Normal
398.71688796655764,8.697163992771102,39034,615,4.027701469153196,Normal
531.4247332595273,9.032228331891357,9573,502,4.806596028751422,Normal
409.1975924478789,9.35930538361136,23055,386,4.779767452946973,Normal
358.76962986647084,10.848331892803833,6209,853,4.635712611310059,Normal
646.5648768921554,11.045670976071,16295,433,4.020296760912647,Normal
477.4223699513464,8.852599992122842,6800,328,4.472479620267666,Normal
506.7528204687924,9.951290815478034,60790,821,4.0257941110376185,Normal
357.52518137865434,14.284540717223727,13473,937,4.739212164949555,Normal
445.5617275474817,13.455086340201422,25321,854,3.8055516664658,Normal
511.0922589709866,10.872647339348065,57723,153,4.940470688829754,Normal
384.90064225776973,10.0760069563364,41615,738,4.864645516457755,Normal
537.5698018345672,10.240062653436523,16741,302,4.483205238903571,Normal
439.9361310081195,11.227035945460834,41147,797,3.558831768352144,Normal
470.8306250206723,7.954414869603189,40257,92,3.263307177586517,Normal
439.8293387770603,9.48524692515331,46529,500,4.709406900186395,Normal
685.2278184508938,6.662831852244821,51673,371,3.3306045722759228,Normal
498.6502775262066,10.798446245210558,47116,579,4.708521577994672,Normal
394.22890710441,11.294391879405483,64695,345,3.981530013424721,Normal
582.2544912103189,9.033627075401252,11374,764,3.8131135676162087,Normal
377.9156350028978,13.147973526580065,31646,462,4.806381557668859,Normal
520.8863595004756,7.548468673995318,36347,119,4.207701965080556,Normal
304.03298761202245,7.07125023958036,55585,78,4.153228014259436,Normal
367.1813951101569,10.448903637119944,60710,527,4.117531889248795,Normal
519.6861235869123,12.094196605224308,3975,277,3.742339032039063,Normal
573.8466579995411,13.367855382915737,18646,432,4.571286207058255,Normal
517.1368281189971,9.08223147426212,59341,471,3.505596888031546,Normal
488.4351717611759,12.157361666862592,5751,84,4.8777899200825505,Normal
469.8896304410711,9.922983060998586,54141,614,4.787970410093921,Normal
352.1478009632573,9.65474540011836,39478,173,3.6749606513497963,Normal
428.0155791605291,11.767319874973344,59418,285,4.458927539663327,Normal
453.93612290402126,11.30464575682684,37493,840,4.146446388899183,Normal
605.7122226218916,6.847215686031501,36572,98,3.675298603998469,Normal
534.3618289568461,12.953080699451792,24806,334,4.977043295990893,Normal
323.69598446372663,12.760182708294902,51764,681,3.0504746916965284,Normal
532.4083969394795,8.748874596980942,29478,966,3.5052920612425735,Normal
461.49177195836836,10.791607066874818,3392,579,4.040148122222301,Normal
432.30779996940413,10.988060372565478,65424,936,4.043906006957128,Normal
561.1676288840868,10.521347531647814,16616,910,4.177866149891129,Normal
603.099952249595,8.89938969230916,23197,267,4.5033523440458385,Normal
593.1280119116199,8.656753264123896,34228,809,4.246955661038593,Normal
416.07824767773616,9.94889185801711,36620,887,4.200562921056074,Normal
469.07876241487855,12.345458038518728,35348,629,3.1070289258260866,Normal
533.1263431403564,11.087200309188864,57746,433,3.753060575578597,Normal
597.5545127122359,9.258771335827788,47156,44,3.464111479402312,Normal
452.082576215471,11.543397421296689,62226,303,3.530740223203951,Normal
481.4341023336183,4.302914758739849,24888,468,4.10867494868069,Normal
389.36650259939717,12.297531400744207,59672,900,3.399010629859217,Normal
380.37933759193294,6.5205724424438,48853,320,3.587898202033795,Normal
581.2525822394198,9.275118117193736,31774,87,3.4741694170346804,Normal
635.6240028570824,7.760660210747712,11600,26,4.897005886436389,Normal
492.7989878419666,7.410637048558188,17590,836,4.88933146434219,Normal
600.3532897892024,12.32165357475704,8214,156,4.219883117192103,Normal
536.1636025047634,9.064597597376217,24095,183,4.8490449374638,Normal
435.4880245394876,10.69300776346143,39357,102,4.571625290936746,Normal
536.1395605508415,9.906158842241632,57417,916,4.179895765603618,Normal
653.8036566465969,10.954081654446243,16393,669,3.0128704229935916,Normal
496.41739608900485,10.153643782120511,25059,439,4.545032572158808,Normal
656.4643655814007,7.434015551622861,55751,92,4.404976683176938,Normal
238.02548959102558,11.99253363889428,2613,256,4.230507306564828,Normal
582.1902504375224,9.012486833677375,59955,65,4.520848623364944,Normal
508.7047068238171,6.886836202680498,26259,637,4.025844329549532,Normal
470.09926495341324,9.143769678068175,1183,947,4.408166542642678,Normal
509.17607765355024,13.00151958126862,13169,819,4.870344173452986,Normal
301.24310853991074,11.700443484226986,16397,281,3.7516100316921728,Normal
478.03281121624883,9.302695731184281,32945,195,4.416243669801251,Normal
535.7112571511747,9.301484591363142,40347,185,3.9513756360219174,Normal
647.7894044741516,9.356729897565234,17261,676,4.348799303627963,Normal
448.1729781726353,14.153495967121682,42995,861,4.525786671108728,Normal
419.1506397106812,10.763870904463106,9268,389,3.090905000871592,Normal
449.8242956415463,10.86008329438214,15767,814,4.293200887897324,Normal
591.5402117702074,12.060566908063684,32590,73,3.453482368813889,Normal
532.8751109659685,10.477578318053027,47125,709,4.340065075615134,Normal
447.0239796232961,9.481915708358594,47133,438,3.936660371867627,Normal
551.3267433113356,9.607300301830044,57022,775,4.547105483729775,Normal
509.70775493480403,9.856797481171872,19715,526,3.246801630411193,Normal
596.8644990532889,9.925555526980316,35020,360,4.25264470331239,Normal
429.79469061226473,11.45525908727396,57402,146,3.5569414578551046,Normal
467.23378534022316,10.103891771614599,6614,428,4.705963990661183,Normal
460.7891846867842,11.46528015443116,57095,943,4.8567670112726145,Normal
353.64850518678816,9.838566839782835,6609,386,4.992796587358111,Normal
529.6120277064576,10.15727038063218,10251,290,4.592014804854567,Normal
526.1055272179889,6.003598630935785,29302,663,4.507468140856009,Normal
500.5113456642461,11.832655349404963,39838,624,3.431001517735102,Normal
476.54128666248533,10.692976951795986,13261,398,3.6720141179802175,Normal
358.46292579495855,11.996020219719304,16673,92,3.9313650835245593,Normal
457.9354677234641,4.207489243612621,38737,942,4.5467620955645,Normal
465.72854834732306,14.176749409561456,8951,941,4.829931730155938,Normal
419.7722730778381,9.720820743689652,46433,934,3.378278200045969,Normal
483.8714288333991,12.216365633475032,49790,267,4.844734969340205,Normal
540.4050856814538,7.920188145748938,47178,879,4.391249304708116,Normal
688.618590121053,11.22554781012514,8040,804,4.2215414613700775,Normal
517.4577812831839,7.893168873652687,15051,62,3.399682542563879,Normal
525.7550390722764,8.75246207860839,49712,396,3.111050065618301,Normal
492.55540842338326,13.828062707733572,25166,60,4.136929797015879,Normal
308.1228784700959,9.618635198473307,47544,189,4.303031366657785,Normal
497.3486124550783,10.434865746359446,55262,965,3.4215628987093765,Normal
506.02302099410264,11.740135461377509,59632,231,4.112912411650913,Normal
746.3242112485286,10.99136377594521,24569,512,4.712986805525147,Normal
480.76390352188776,10.300837810287153,52060,699,4.67013189091004,Normal
530.1547342333613,10.729922004932451,32921,58,4.854710361172595,Normal
496.5288230294757,14.80683117047655,51985,388,3.731771619113761,Normal
383.1321962380468,9.884762405932829,4191,776,3.6360991451018374,Normal
614.2822814515021,10.402198093429934,45781,170,4.498852011961617,Normal
575.1933032686774,12.101308792015224,27941,130,3.86222481019401,Normal
579.1031947043047,12.211051865915968,23760,499,3.1750973280555614,Normal
409.0612545205261,12.374060611120761,29014,455,3.5656022613409997,Normal
640.2794310936099,11.27746044405837,63575,66,3.8371645710629783,Normal
359.8148937207719,7.713990174539033,59185,594,3.585032850952504,Normal
558.685709380027,13.266863064602191,15111,756,3.664411141894643,Normal
719.0455625809979,7.707309213962624,23464,385,3.5875518123487815,Normal
400.9463674869312,10.605270930478067,36229,88,3.0829983343661587,Normal
443.3702270397228,8.491448299961284,56644,318,4.274189401648885,Normal
509.96513650876415,9.871723306814015,16299,963,4.194584840706939,Normal
449.65243458838006,10.65752482060696,59256,821,4.306766996957361,Normal
344.93365689338674,10.642714430900547,56127,315,3.384619792067255,Normal
506.85629748060273,10.84384150847057,6300,222,3.5913090832249708,Normal
393.7696286273895,13.227422538117294,42651,80,4.239231853889844,Normal
547.3592430635182,10.907068603027959,41610,965,4.1992551369198425,Normal
408.0575765766197,9.511686729418702,38520,982,4.012660618708535,Normal
654.993440501754,11.928174336576715,20032,849,3.700826500020395,Normal
421.67467076637627,12.37894097784928,6762,333,4.82586200954938,Normal
467.79384837943246,7.544784369726015,33426,180,3.6795404845976876,Normal
581.351721736967,11.194800139699716,54408,350,3.911238312874503,Normal
376.91356835660446,11.402345484621797,64410,547,4.3562276619084175,Normal
522.7459934604129,9.404872993280016,6817,357,4.086042861733528,Normal
630.7142754282428,12.75141362662324,38315,625,3.6937719527287713,Normal
339.25167654387724,9.699888825934947,6595,323,3.87128958091302,Normal
518.4633858532304,10.251152906943085,32355,522,4.588961635707012,Normal
525.9882794248424,9.65385635143226,17233,669,3.5562583109732246,Normal
578.182287177731,10.031158095162935,49038,357,3.2845104795536306,Normal
376.3049289121918,7.807449826209597,26418,569,3.6263264036595544,Normal
367.9543386915724,7.119898234811411,44172,658,4.699068430975803,Normal
552.1941565616897,13.189010126449944,26706,294,3.1779794297126935,Normal
529.6984673233186,8.306077303363345,3248,183,4.983392146744904,Normal
525.0492850345877,8.017215301087386,42181,462,4.0820057978553255,Normal
534.6448209496975,5.69321977279257,61039,338,4.969691487934188,Normal
431.99752784215093,8.722076504620995,49719,608,4.877992844171955,Normal
523.2253697161003,7.353820413185003,56267,523,3.9056274284218335,Normal
529.3072473298681,13.284030320272738,65202,705,3.3969821492106984,Normal
428.5648581973632,12.01963417868527,45476,406,3.329769553130277,Normal
686.5774511144757,8.623699309644552,44432,989,3.479978727739915,Normal
547.3832920911788,14.504871610688618,33465,889,4.420265281129074,Normal
380.86965027973514,11.963530973983188,42454,852,3.545899989462976,Normal
565.655360863383,9.350337232982755,40153,907,3.6828505392085966,Normal
402.53183297726787,5.001188570252854,35740,622,3.8975576079892296,Normal
578.7084603742452,14.581885145181484,63392,769,4.826465360842913,Normal
615.8595579007404,7.220855066472808,45883,795,3.3787868357696924,Normal
417.93176816482895,6.709202506086216,27610,710,3.0100531052196065,Normal
596.3376129244322,12.045140864019281,45784,513,3.1201928207563405,Normal
541.2780926936498,14.879504812678546,65143,509,4.809532683360236,Normal
582.2060159994489,12.768545637021036,24502,740,4.295032929686727,Normal
689.6792982653948,11.12781824010472,63369,92,3.5460812386556135,Normal
475.46118839971297,11.189508683330573,7342,528,3.354385002022382,Normal
424.62638356425106,11.706831117560615,29718,409,3.5885334732742287,Normal
411.04855703744767,11.51785717957353,21204,638,3.22959385450256,Normal
418.4189715034562,10.562382847938752,13204,876,4.883065820568882,Normal
492.2898290585896,10.208402207903752,34026,314,4.568412348730534,Normal
534.1151974816644,9.874813744200955,16396,388,3.9247823538250817,Normal
527.6690799330019,8.492070822266648,30820,975,4.7299252102304035,Normal
582.7183249036024,9.438649846266452,59296,815,3.4989164085864646,Normal
501.3001891877907,6.614086371609229,53783,884,4.434241136944387,Normal
645.3534077157317,9.8033207464105,25451,713,4.712264998027487,Normal
473.5343166762044,8.022817785698166,34314,568,3.713537423246545,Normal
772.0169166589619,7.792821365568458,56080,668,4.514928890901436,Normal
562.5667347765007,10.359788302306956,29123,869,3.5901446985286185,Normal
414.2842443583718,12.784004572689199,46510,587,3.5977142705180616,Normal
392.91075019388876,11.836633212004626,55064,206,3.214114357108372,Normal
548.2472415243185,6.8589987927536455,10845,872,3.8801160930187972,Normal
477.6537214674149,8.020743726859324,6856,789,4.459423812994844,Normal
571.4000494092093,11.881542375976432,13844,464,4.88044161114257,Normal
547.3237624573545,8.035025212923381,17235,589,4.207593983858192,Normal
492.7171087343127,9.550733700005951,40914,382,4.7262710754714785,Normal
415.3206281931595,11.100104198049104,6866,142,4.644989298580454,Normal
348.5152775314135,8.06331109027273,64139,207,3.3466861059505617,Normal
455.3485047932979,10.21075101229192,2340,761,3.971634857825263,Normal
585.6398794323472,7.331949010163591,61225,699,3.233847071050783,Normal
521.4093744130204,8.797264712097572,46992,439,4.3643063231232695,Normal
375.4261221288012,10.639563868285073,18532,645,4.899799336492152,Normal
517.3180925851182,6.814012532936662,23029,271,3.274178916157513,Normal
538.5317379728837,10.880949475920797,55599,638,4.467766261605083,Normal
411.6142563798867,9.960724402146637,16230,568,4.264476301735722,Normal
515.3725105945528,11.104979908834295,19995,354,4.167210074016199,Normal
505.8208718446,10.447828268129323,26623,111,3.7802404693766785,Normal
385.7029702169377,12.728280859947688,23080,549,3.710263295507625,Normal
535.7787360348283,10.250449005295815,2402,885,3.0904983780377755,Normal
556.0784526368234,9.141188917749494,53550,82,3.435817416504027,Normal
608.3051243175277,10.244595006064568,2543,681,3.030353764573654,Normal
605.3802052034903,11.086596058072775,23185,531,4.162834211164041,Normal
362.2330632042909,10.09772014065141,41727,158,3.211706471755818,Normal
406.21749600848773,10.081183382407765,39885,717,4.746038788059432,Normal
551.5035267208659,8.59601662438649,58594,204,4.04628604139433,Normal
551.3785950912209,8.674198164898105,6379,224,4.399379818117417,Normal
551.5047686306048,7.194789456400613,55144,791,3.821714183680993,Normal
885.2731490654721,13.499153486373878,10107,233,4.121159618002097,Normal
557.0890510693167,7.512273529217429,39366,275,4.885318353933261,Normal
613.5565640180599,8.614189604408185,21480,154,3.1654680792473417,Normal
595.4001763493202,8.563185468861604,14348,592,3.5078755438473923,Normal
565.1391251305798,11.789848753888883,3281,894,4.559976653821089,Normal
468.47307553596545,9.410100643415944,28388,841,3.197474413765332,Normal
575.8969220493268,12.495484145347469,25996,107,3.1513222078082217,Normal
422.71747854624283,8.653018751512263,47203,855,3.723082797508077,Normal
476.31813932599914,10.557988324447605,27678,226,3.184335916944865,Normal
451.46364521708966,8.329305893480486,16257,148,4.170156884412406,Normal
508.18741393863223,14.290298255546777,16911,842,3.4525505016331994,Normal
731.4658566673509,7.624803161940974,30344,22,4.791395926398745,Normal
313.2734807408252,10.619641420454055,21832,993,4.567000161690514,Normal
568.6260190374513,11.267553761864196,53413,953,4.399410412198952,Normal
338.72841288103484,10.827598194902997,31178,773,4.233888054769004,Normal
452.80681342105663,9.629424682244583,54069,140,4.726931460682927,Normal
608.8950596967366,9.740358600533147,63415,404,3.4461241230855135,Normal
506.42800190954625,10.08762294395822,35797,633,4.746217685528455,Normal
392.2255222070694,9.705995996743022,52192,57,4.578984596848104,Normal
428.4696290740032,11.92775823358982,28771,360,4.4963216527753715,Normal
567.9597748934676,14.421046003182703,11884,944,4.1225113561498485,Normal
426.96333682828634,8.885016429984333,43862,664,3.4924883219412,Normal
521.6458589581974,7.260394040841844,43180,733,3.8470958319837925,Normal
504.55718399038136,9.82343590329749,19180,879,4.587141309077603,Normal
434.8399652394183,15.159418675308636,58529,40,3.063556968714649,Normal
714.3944089325325,8.392650864060538,21384,261,4.564101538527517,Normal
563.3919022318012,13.278233610888135,19159,474,3.480141480975133,Normal
297.48574133423926,13.355401628152881,26375,982,3.2886184014432063,Normal
518.6454314769428,8.892823516584011,57606,640,3.2314026363606043,Normal
433.8213535231612,11.137966158370551,31523,322,3.05450002390163,Normal
585.2433334796224,13.256793246257075,48401,615,4.047172970442906,Normal
420.74792615672993,9.241744518025026,24578,614,3.436519745387459,Normal
488.5263558533101,9.592839279795276,63515,822,4.978863531559263,Normal
550.4987278980457,8.836638172102713,56645,983,4.148873511744411,Normal
586.5755194170122,7.970486538614266,50155,88,3.275770538712021,Normal
379.9703592944224,8.701444909867986,59307,148,4.37752508162273,Normal
466.54987641590515,7.552119466475487,20628,215,4.795487133019451,Normal
452.50546888390437,10.068166936518452,17947,159,4.490358990739229,Normal
434.6670767426288,8.460053537882716,48615,463,3.1528797220788953,Normal
676.5454240281097,10.467571823581496,63285,302,4.791768362385319,Normal
540.4981710960956,6.888208707592746,51637,331,4.5878587717199295,Normal
373.9116045664955,10.661760464428914,55360,765,3.3166078002112287,Normal
591.7861947054776,11.667057923217849,9571,554,3.1035717774656337,Normal
712.2156197012633,6.012528714857089,61972,684,4.114621150628617,Normal
603.2465260551147,10.748113139695144,45307,296,3.312071622679954,Normal
348.06300340459865,12.455337984946585,34026,80,4.669181905190544,Normal
451.57659271337485,7.580717962617589,15586,338,3.7166693133433473,Normal
626.6911149186623,13.345144773675408,51724,909,4.825784889473151,Normal
429.23305343812194,10.83803801873209,8504,71,4.131376344282011,Normal
544.3819428146228,8.589976288483182,27696,875,3.3653447684793365,Normal
577.4634053429337,9.888461844684588,5237,172,3.2791977347196,Normal
407.3069528421917,11.116653825043445,11317,768,4.152944875115508,Normal
494.04746439382,10.152010782824822,35465,330,4.523767223724888,Normal
175.87326599309273,11.077511984892737,56884,833,4.5630112954843645,Normal
397.561235866571,8.158652813841268,63531,563,3.5515148088825628,Normal
474.743184860684,10.338721648072156,58158,586,3.408493517824335,Normal
375.221681803515,7.17257100619004,3124,883,3.033512608984765,Normal
663.2411303931635,9.777547877302599,45641,408,4.358398302402339,Normal
356.98586220393673,8.19218471707042,63021,567,3.153136516867078,Normal
455.9955513303016,8.528940114820466,29196,641,3.841522403531852,Normal
513.0740577286091,12.472186350420875,21156,196,4.203364328036592,Normal
644.1273289066115,12.182620241188538,53349,381,4.874217889839354,Normal
356.41378488205606,11.218276241814355,19223,333,3.6236042739115373,Normal
616.316375215496,7.815374470654842,37633,826,3.49954432489304,Normal
501.0233061019587,9.367183100610395,43989,867,4.308320308572197,Normal
401.8491348952049,12.426195399958367,9040,116,4.238478064107163,Normal
546.2103474263271,10.28343382727981,40803,900,3.664219566616249,Normal
519.905969557347,14.63865907996339,38285,232,4.856203671019573,Normal
439.97831228412053,10.786635678788743,32905,848,4.6897246549792655,Normal
506.9802084990019,10.384098232980064,18082,156,3.447965091730162,Normal
461.468640313824,9.381767071594997,25496,25,3.478285090869046,Normal
511.3517345251248,10.267081809564564,42370,128,4.024600693774161,Normal
566.2130674521047,9.695060327238913,35950,566,4.547144203461441,Normal
658.6016816145352,11.416217353377181,52837,58,3.088080758776929,Normal
376.2184501173151,11.913404633589169,35856,681,4.386670307469413,Normal
713.3033374656267,8.4280210789841,62219,444,4.296471794764194,Normal
304.7912200477498,7.337534092884444,37045,649,3.4629601918259763,Normal
484.82149049644164,6.327589253793407,55155,280,4.362706026482698,Normal
558.8317206484577,11.015982653825088,25111,445,4.880366382504166,Normal
528.0991867735032,7.793266787652253,13852,106,3.093571689943537,Normal
437.7300480179406,5.694218814095034,62634,484,3.639304110584125,Normal
479.1877749642725,10.777157209061928,32152,95,3.8763534333327105,Normal
450.69990653411674,14.985999034865582,59107,490,4.798520717849379,Normal
441.0635243055788,9.987858176920213,2425,995,4.924522893218313,Normal
584.9602097021025,11.676981548903283,20667,982,3.8882304929926645,Normal
535.7015485965047,10.16365871709513,16217,433,4.500056824284382,Normal
430.7090404739346,9.802220693617715,27877,844,4.063322047528966,Normal
589.959987543325,11.838152965975537,45888,914,4.0755658694827535,Normal
530.7299520876609,9.419450911622697,21331,745,3.5561990301327127,Normal
581.286211883896,10.534784628143806,38006,476,3.4339124917277593,Normal
562.9628841923612,10.643395612392027,20635,304,3.576010691848082,Normal
417.10049890779277,8.663819092713902,44815,258,4.112656014514158,Normal
443.981895980303,11.984084699073046,12974,696,3.058310372044178,Normal
574.7293605123261,9.650080486609182,11728,618,4.814497888712811,Normal
561.0370265433464,8.48850968101431,44135,672,3.3125674190995524,Normal
497.90984060358517,11.073019687140807,12891,691,3.440177353742773,Normal
511.7327383308782,8.203064036417926,3769,577,4.036552352895293,Normal
627.7664895788425,10.056362314738257,56267,391,4.420229532674559,Normal
440.842861116417,9.981762006711593,4890,514,3.191458109488795,Normal
554.7097381170038,12.171791131663156,33269,643,3.6353893950943243,Normal
479.78073475661057,10.949396465759905,45748,938,4.937349211148714,Normal
478.23187967727796,9.949946082509712,64169,64,3.5246859335618916,Normal
609.8776851987191,11.635532598400575,6842,420,3.6261002901262938,Normal
582.541634898803,12.780415098034627,52398,266,4.672996981236067,Normal
581.3509636000639,11.115620612703724,49885,635,3.1004288633809107,Normal
630.5478807154329,10.02070523968676,52968,616,3.9292263376179415,Normal
502.1003841632759,7.376327535299681,60065,469,3.7592335289033407,Normal
568.1952971294963,7.869772673849255,31140,504,3.6331735198173023,Normal
468.9733243406544,9.389550591290664,16517,665,3.5713991880895293,Normal
532.4166352488442,8.780975595681433,29062,639,3.1827482097208186,Normal
486.98569456323156,9.626057394029107,21471,37,3.6296516587032976,Normal
509.6995964992718,10.113299849794215,31455,625,3.0861048054313374,Normal
559.5157025436913,11.059385508713461,18932,681,4.561927727288871,Normal
418.17793167665275,9.859002443881817,30360,777,3.7964555879160233,Normal
709.238727568546,10.973003287652404,42016,308,3.887807664639823,Normal
399.3982618500298,10.12894882962024,56374,433,4.787189172900263,Normal
378.5811387212268,6.049066867292257,5049,740,4.316109967722442,Normal
615.8110873500068,8.121329212362491,52742,657,3.0161182066842396,Normal
579.1662693962936,9.71182488855677,52979,254,4.88634964592257,Normal
562.4119817052156,7.580610514317785,62264,435,3.4742889319554227,Normal
562.8345509264279,11.199857459992408,21117,957,3.2152283695197177,Normal
498.77532271530856,13.061501664687395,7179,518,4.536256356761765,Normal
410.2745628514168,12.437523703394634,47631,993,4.000954631733436,Normal
507.5804558193726,9.573114258139585,34511,653,3.867541132036035,Normal
432.28382884878886,12.981452273699905,48682,669,3.4990061593654835,Normal
597.5119733417752,10.297334914404223,56692,134,4.094942979724637,Normal
485.29426184978615,9.325828057763921,21987,951,3.548769210405175,Normal
417.45028032074885,8.77319467291812,51148,693,4.803166010574135,Normal
467.86141583470067,9.395060627023744,53894,732,3.4304089594663854,Normal
541.2931454275624,9.223646362917542,57571,253,4.768710300911507,Normal
443.6275447196025,10.340832444750976,65134,559,4.118810851454714,Normal
417.77796044335685,10.32114796209973,54578,30,4.656976267790482,Normal
524.3687211491913,10.006092040306829,21960,225,4.42569199172191,Normal
524.4966571108723,10.8738763394927,52383,698,4.393390222873498,Normal
449.30568246288703,12.381292549572683,5450,266,3.6486916153901117,Normal
452.8961694381677,11.899108270882648,24327,578,3.467793862944407,Normal
523.2049937357637,7.030204063100193,46304,777,3.4217724553615763,Normal
355.1915658502676,4.89215773019609,28630,146,4.7143833141191775,Normal
359.2536225623445,11.868639822478547,48856,166,4.64085364051804,Normal
428.15557787475643,7.266242603169157,29175,137,3.8811470560246146,Normal
478.6552848288153,9.550469196214634,14791,930,3.2648092269929094,Normal
531.0907565598004,7.6597739478812805,12332,401,3.7645045039549165,Normal
647.5356216949552,6.396039124839961,45269,431,4.238686908273823,Normal
585.7659623202019,11.082925456409576,63546,683,3.908806308959906,Normal
484.0061470036573,11.518310320605293,59011,603,4.56037853696599,Normal
498.0983792097311,8.846979198546562,46695,382,4.995245644502771,Normal
399.7470635362191,4.81791541571018,25794,528,3.3822641768977935,Normal
498.148686400761,8.907511103495034,29596,156,3.919301639319145,Normal
471.1341361079862,10.783608010805093,42472,194,3.861967803841644,Normal
532.271856033809,7.0421768624517425,3228,308,3.608985065497902,Normal
417.2769056447677,10.36671983955831,28257,977,3.396191033440579,Normal
551.9346514241172,9.96938030165401,22753,500,3.1313842329793182,Normal
653.2738913002578,11.158582999202176,32155,38,4.774238634447396,Normal
489.12398515431425,10.239160736828307,53452,214,3.839697395372635,Normal
540.1711722098942,8.05386211823689,34894,349,3.993791037000098,Normal
569.0143991711112,12.393143003328984,39035,955,4.833884096401832,Normal
459.8779528114164,9.68294085394606,40406,194,4.552580955031896,Normal
522.4092481810417,9.945390920980136,50091,468,3.2610025282343686,Normal
501.25924007817946,8.133464081853608,59609,944,4.1308399352154845,Normal
509.7676098548832,9.11343549761698,42499,965,3.8845045530391182,Normal
422.6990216144534,8.230394571946198,47705,373,4.594422145157526,Normal
502.4510174258943,9.654107880153154,22631,518,4.448465095223899,Normal
549.799829124545,13.423416960284687,25992,160,4.380811443822144,Normal
645.1143607795042,7.256197714137287,34422,777,3.6810896709597936,Normal
595.9270826085207,6.772877204246518,12932,916,4.6099274607985095,Normal
715.3182457511557,12.942340654987216,27447,949,3.104782591189722,Normal
423.26524371119507,9.581352645696267,44639,112,3.3192498028643342,Normal
587.2320636720679,8.661854522680168,10195,963,3.6712465459558237,Normal
518.3342005738352,12.079809374792152,13745,258,3.1536148821385623,Normal
718.9802933217672,8.788768920526271,61770,224,3.469988555069383,Normal
419.17017146448484,13.652019427093872,62239,579,4.660301965995837,Normal
416.0278157819224,11.355851742678539,56859,452,4.896503075580158,Normal
440.0607354555978,9.024177183708595,50453,264,3.609204711548381,Normal
287.6104275690193,14.314616426531007,17640,851,3.5290316079776765,Normal
447.4244978319239,8.788570153993323,43536,336,3.559785304492854,Normal
424.0867338446302,11.484190744018614,39482,944,3.5554381747016874,Normal
515.0393786476208,10.598585160812984,47193,314,3.071860364371946,Normal
534.175597577716,12.603482578797596,8683,659,4.853832692662216,Normal
687.6170839215886,13.123022393453706,61638,875,3.4273962831406566,Normal
595.042383818605,10.064008298131533,44393,301,3.84000814816281,Normal
442.3096344337597,8.493164259307633,12728,36,3.0193737654819355,Normal
410.1585328651642,10.919944285878232,33817,90,4.715910181830115,Normal
549.1919171506506,8.644569260495787,49176,288,4.462314688909834,Normal
367.9766792979358,14.026774495053246,47497,344,4.893512070347406,Normal
683.1458765854354,10.273070662165475,32250,813,4.563230958392798,Normal
617.9440120721287,9.269356897375783,24876,324,3.6274130241041305,Normal
453.08243478952954,10.369360611729817,33106,470,3.4957467174568473,Normal
328.68654709091226,7.305747420940607,23818,26,4.395432615106586,Normal
635.3872374165413,8.056771922978697,42444,333,3.7282255500209986,Normal
488.5460154747382,12.400827815888851,53940,836,4.132430031505233,Normal
623.7816311973462,8.686211442057209,56775,122,3.0125149420529405,Normal
340.5572341205633,7.90617803463612,61799,840,3.1237714033609505,Normal
440.06249770462273,11.073305505054572,14403,212,4.070735882363302,Normal
500.5243699718183,12.371408309325993,55278,772,4.13214329289633,Normal
504.6980593764742,11.437906621330134,8030,593,4.502905888918687,Normal
454.9934528520756,11.992095371611633,53659,548,3.2639306392479233,Normal
562.2849932347499,8.486409822861079,52170,190,4.026366167513558,Normal
393.23795706174053,7.1563786665163125,9706,556,3.3888952888633774,Normal
485.76205149787063,13.002667303910973,34864,270,3.1863922391253894,Normal
512.0295631711899,9.354640322315728,33454,784,3.8209915881211094,Normal
551.4438834058749,9.498333967089906,24115,406,3.3266732961781145,Normal
571.161487808889,12.656388283698115,61541,226,3.4435639563846374,Normal
387.5357908162131,11.11246001880132,34007,560,3.6351091597390033,Normal
346.58858292643777,10.911775544163214,25013,648,3.5187768014863927,Normal
627.7676821898509,14.330004689802168,10939,435,3.1751825948118926,Normal
533.2314011979591,8.712963539239714,43576,813,3.179832489719405,Normal
425.15134634434463,11.855680256162474,20014,399,3.3864988304683363,Normal
655.1151975522523,10.114026249794168,25758,163,3.1011183759190777,Normal
511.56746342928585,10.537184557726514,15848,44,4.252914039353854,Normal
617.9297184063827,13.056936852825064,54957,841,3.574653433017804,Normal
506.7518481410109,11.015671512579248,37105,687,3.559491935538142,Normal
706.0747924881987,11.076592158099267,12057,92,3.6639965884755306,Normal
675.5340842443204,12.145014674619604,43760,651,4.3255925484194435,Normal
475.10358515209265,9.27009454091423,17265,843,4.741267762966981,Normal
597.1570950954356,8.321580665321987,60420,852,4.518173865111277,Normal
564.5375949585148,7.910381611957932,57939,112,4.45505846045019,Normal
636.8631557532349,6.067286821247997,6963,524,3.9687823712016987,Normal
403.5076539419896,14.112414259880644,48488,617,4.387611113934824,Normal
568.6051459998439,7.793583268556634,48586,355,4.105524736067166,Normal
605.8424486849588,9.557492752828455,36087,444,3.4325010563730576,Normal
324.12605135768854,9.446373400222159,55861,518,3.4171767354821014,Normal
381.6741487334225,10.614813395618201,35488,383,3.592784013750567,Normal
296.07678222398994,11.631474425078594,12209,966,4.821605341939627,Normal
473.0593165555442,11.72094697671949,28069,649,4.094829680759451,Normal
571.7542255795962,8.833845122862122,52122,764,4.467810754003739,Normal
650.2357052096028,9.665756572427178,45793,218,3.693117519633095,Normal
507.40947804197754,10.5651599009766,48142,737,3.8154315413304505,Normal
662.8615545571292,9.502617747632906,20191,432,3.2511311572745027,Normal
361.9898541785109,13.214691152039986,37436,358,3.342589915643341,Normal
329.6617560644845,10.981949903276503,22649,678,4.654713109652291,Normal
494.4452301103381,11.469755572099634,40212,981,4.169677263377764,Normal
538.4065448939307,11.325762537334825,64045,956,3.675064931767638,Normal
496.7305251905907,12.34694771497065,28100,448,4.6057024179910915,Normal
293.25578999601237,10.362043117407413,57733,802,3.493039811275966,Normal
491.08799604872115,7.406336104088307,45629,918,4.952065397200408,Normal
369.5530499495147,10.799375903505283,20053,158,3.6896352154923395,Normal
566.9672548830039,8.697286212416342,23997,712,3.674621908302455,Normal
536.6598246096848,8.942766636500487,40145,961,3.6238238110734105,Normal
406.0120213672645,11.172728037510186,32457,561,3.244223031848576,Normal
448.61330826633065,12.476566142867272,44333,76,3.222274294664025,Normal
394.0786478111048,10.042543153472124,2956,251,4.2962100690682465,Normal
493.7320902726828,10.617666025197927,45278,677,4.750236089116094,Normal
595.5142320501238,13.404429889270476,2781,454,4.581041020543347,Normal
401.42739536644564,10.481506358977137,31746,403,3.282215188042702,Normal
550.4046515517845,15.203366228360789,38877,579,4.091164243584133,Normal
446.9742381627559,11.131019291263089,39429,213,3.2111830919532798,Normal
420.7127167737656,6.478474481688364,2140,755,3.090589287226155,Normal
489.29696400454424,11.506683242209064,44551,667,4.312771718769534,Normal
396.4757677580626,10.762316769765555,12715,553,4.0703046673607,Normal
444.6350694652818,12.579505508165491,1516,537,3.1640473704229417,Normal
380.21221074111514,11.346362702539917,28906,735,3.069878492811977,Normal
696.472513291639,9.723088032032452,9835,770,4.979512826818669,Normal
503.52635519717285,7.551403527421268,28832,204,3.0600426642981438,Normal
430.02744920074144,9.581953485427949,25296,891,3.889056506100319,Normal
521.3979910734222,8.2989590915814,29423,311,4.009238049215391,Normal
488.76719503091704,8.838953100390555,7498,354,3.23456029560089,Normal
477.9030400466777,11.17715680884122,27980,751,3.3381235568794327,Normal
561.4166700043426,13.339809008702812,48177,135,3.703610012820705,Normal
575.7507710047305,10.789343059645962,43530,844,4.523351752427326,Normal
446.9498852389473,7.608233875929631,55134,68,4.014164848120533,Normal
442.418175935532,10.88920533644028,15003,704,4.275803749105923,Normal
472.4948302848356,12.393262973291302,45547,101,4.970349110181349,Normal
269.8078835264415,8.780434191361236,43589,853,4.536010870626419,Normal
348.4808937801448,9.731965666654165,29352,352,3.868722996282435,Normal
636.6874267444525,10.029376389458394,48399,576,3.8928838435930975,Normal
664.4967713501284,8.43020337383552,13891,354,4.23754415408201,Normal
475.09639604436217,11.296560867687718,60258,551,4.330730416837809,Normal
557.6556963055766,9.758103702784437,26875,979,4.001421851673342,Normal
531.1250154543536,10.839064887814056,32303,240,4.28972244562996,Normal
807.8880808455237,8.2250156443958,52919,654,3.0470649888281978,Normal
611.9574911434577,9.12508339935318,31551,765,3.859245727793688,Normal
487.20824085192334,11.444762715655543,8890,752,3.5578761521469535,Normal
404.44595593995746,9.254333695816467,16473,342,3.2583488904862206,Normal
339.35536797424277,13.45392770246681,11709,870,3.1990930256175503,Normal
520.3463635867223,9.200727628770796,24568,22,4.206384331229335,Normal
424.3649254715697,10.449369451503772,6475,713,4.0472010943052235,Normal
357.7746290402326,11.86518166374618,22666,225,3.507168233992738,Normal
435.34271157574733,7.163268534133937,42340,851,3.9419001175450292,Normal
391.84519963856053,6.478382376038448,64088,59,3.9844646303648164,Normal
668.7141635072564,6.94868737085981,64785,78,3.3900179608772314,Normal
588.1639756949451,12.525168206854364,40978,970,4.3041861237633015,Normal
499.20273586833827,8.896283708215107,39894,593,4.561838712772181,Normal
647.9944138890025,15.116398571336504,32054,663,4.582927081779038,Normal
507.7368307647618,8.871504802685223,59237,526,4.20493966140691,Normal
413.87157986717364,10.369102606394074,59253,591,4.023277165038028,Normal
652.3124077269657,13.08421990513575,60369,903,3.12201428601079,Normal
553.8910043684658,14.012185776318246,31897,862,3.5756625977032117,Normal
396.27538456735437,14.123007153272795,63877,141,3.18654289355634,Normal
480.9661321916392,12.416732461186285,59651,498,4.9276463217569475,Normal
412.4381746615243,12.048125051622925,1643,638,3.2701602924515214,Normal
361.7200269035664,11.185053898402366,34674,115,3.3035508197022043,Normal
592.6177547531641,11.556722152333275,26396,878,4.779153236660984,Normal
690.9416640470131,8.897628567342933,4666,433,4.887856566952916,Normal
360.1432426180859,8.363602233155385,64636,254,4.531658078469819,Normal
556.296923669057,9.993251085178096,29025,917,3.0108098473453397,Normal
434.9357430878173,9.659630754950143,35088,81,3.0026925419131274,Normal
451.2874616235304,9.09354390134545,30314,275,3.7562015395749015,Normal
440.7606075761131,11.39277489491343,15146,580,3.286790740021785,Normal
413.6009230320184,11.910610417141022,25844,924,3.0367722843031943,Normal
504.8521627944827,10.176813772583694,3919,367,3.9281333788090094,Normal
416.9049883588962,12.955060162110524,56769,690,4.886123794813943,Normal
527.0456825779838,7.71662177173299,51105,143,3.6476391498048626,Normal
494.9761890550863,9.612681081440563,6390,501,4.322281356857393,Normal
476.10519531335905,8.56635535879439,9735,336,4.3044707062648815,Normal
409.2436337958402,6.26692676585388,20620,523,3.5021602073303355,Normal
442.32286694316673,9.834638628314602,19817,738,4.300850497647729,Normal
575.5391225825756,9.756504983233432,9223,67,3.4246679485737825,Normal
550.0917187624381,13.026899486484261,11741,428,3.2440148271537783,Normal
402.2444755201449,11.261623369109556,37215,951,4.40276657111938,Normal
509.9332305429226,7.95162635134159,11235,155,3.2268816342078335,Normal
575.138712337179,13.708185132668376,46574,220,4.99381843717871,Normal
333.05947188786286,12.442067391050706,64093,269,3.366904802300459,Normal
554.3360192379935,11.164195406937232,24384,333,4.188283725512915,Normal
433.7376241054153,9.547031802300337,57770,888,3.8227491428251787,Normal
557.0598668593159,8.08112152655304,22566,387,3.252772844811334,Normal
423.6740843457483,9.255586447857894,32336,448,3.055687815154827,Normal
319.51178993354813,12.177497239408371,46266,849,4.245464564585666,Normal
337.2457562116837,13.769172611869218,37459,826,4.613515127578252,Normal
504.8084946661382,13.086487056544378,29271,499,4.684031323013488,Normal
525.9722501721482,9.022301156427451,61169,333,3.965426946153869,Normal
409.56833748955916,7.760765133421978,23381,519,4.554910934364771,Normal
563.8592458777374,10.281772493822407,56412,740,4.345694266977089,Normal
333.847993773104,6.463121268874296,42069,374,4.448509054998267,Normal
493.39202013526835,10.646335428369563,28715,504,3.985198010443628,Normal
378.8983800237543,9.704794827402663,13448,230,4.266823480484254,Normal
434.81638921978407,9.067926996263516,19876,723,4.611051827152114,Normal
504.7398671316414,6.810593865466409,23625,63,3.795768351114046,Normal
413.9586634716048,11.027200213139434,53795,560,4.6119578017351675,Normal
461.5444455770175,8.934598320676177,19044,590,4.184033685578125,Normal
600.6292809214441,7.6601663285794235,9179,602,3.3318020487415723,Normal
442.31081304768514,4.255475573436701,4607,111,3.0493683144491692,Normal
583.5692112065142,9.944970189898727,16539,284,3.725507200798304,Normal
387.0293145342382,13.544503193339487,37801,914,4.0933926565926795,Normal
552.9804177915282,13.32251842909574,20734,239,4.679640704406976,Normal
644.15686206579,9.085807486827456,44202,921,3.2549713602804924,Normal
252.83554998727107,8.79557587927644,25556,944,4.600412695367158,Normal
420.31047445295235,10.937548512150048,64215,461,4.726018092134454,Normal
557.707212718054,8.003229121623416,19625,420,3.301374974001668,Normal
479.6954613957007,10.603583799638931,64251,419,4.703188638608438,Normal
537.1145873371308,11.53216055676938,5991,746,4.9829071356855845,Normal
439.60148132841795,12.453866447768615,19777,918,4.453677662096475,Normal
508.65897874729,9.799691847040094,21046,808,4.569539363649976,Normal
484.432276460792,9.592652499646068,44487,595,4.988830535117747,Normal
616.7782061659807,8.244034826486878,10159,877,4.210962501051891,Normal
525.4420843301214,8.34623929192028,6746,823,3.615772764032499,Normal
533.7602662075202,9.547042216196946,28437,509,4.675061668152111,Normal
458.8123033877533,10.734731013632356,28260,504,4.2289715550232625,Normal
451.23937759275066,11.827169252466499,16538,776,4.162390847441913,Normal
456.7441812180379,8.39364209863931,44920,489,3.5072711110280768,Normal
539.4452142378296,12.985377137919043,38236,593,4.512668539165773,Normal
457.90155191797373,9.457752797914862,41410,957,3.1633345517201925,Normal
528.9774856896413,9.957265411303128,21355,863,4.848574141589323,Normal
707.5400798645439,8.505576641704353,19084,701,3.6516469215409693,Normal
587.1124703431692,5.151519479454117,2220,464,3.255549305579981,Normal
467.39764678321586,11.768090792722099,13321,288,3.884733066204838,Normal
620.1213922163945,11.473687794184867,3811,286,3.0849398185130665,Normal
459.19246269784486,9.437344885763574,24840,73,4.369252388529933,Normal
296.1875464822146,10.133981434449744,59829,547,4.805411020890713,Normal
399.1913689082596,11.0318784354082,41719,539,4.674526014277017,Normal
312.9208078974144,6.874908286226915,20726,635,3.2547389468957624,Normal
464.8486515958691,8.94189464530741,26266,78,3.2525422742154637,Normal
501.84183791895515,11.588529359243655,56865,844,4.626868964648528,Normal
667.6437312275283,7.491421153661501,63986,59,4.848508549206231,Normal
532.6927373764163,10.587115864333258,3200,256,3.9213396596669785,Normal
478.08994711911356,7.28683639075319,21151,974,3.9979422338275317,Normal
582.9405581183489,10.932859964867053,42584,405,3.6365240827714516,Normal
278.88646909921147,9.928717035405032,28252,625,4.788530236512828,Normal
523.5614558108566,6.7697363681889815,54598,753,4.289805810584712,Normal
577.0865193886967,12.329478708914342,21232,735,3.5765031543347368,Normal
352.1413754220158,8.530816846403901,29506,669,3.597565742108503,Normal
614.375404320693,8.379495125971237,10195,319,4.7824001461272045,Normal
533.8496407494414,10.401138394461885,36243,414,3.027268047811643,Normal
458.47120860991987,12.29727469885743,34420,226,3.645453145453277,Normal
563.2781866106285,7.968356362043206,43613,355,4.108713362432738,Normal
727.0692857804396,10.123359699695943,41570,612,3.2964349241986493,Normal
518.1866255058495,10.857633000661146,4720,749,3.18419750839918,Normal
524.8220586300336,11.386211214526288,61798,533,4.63055266218112,Normal
454.0639100459756,10.352883110554451,21082,197,4.788808777297015,Normal
415.01556305352085,9.265944321833356,21337,415,4.647212841596379,Normal
583.0335816544246,8.34481955870256,20173,390,4.797575779474696,Normal
414.3916174091133,10.172287766092749,54545,877,4.106223942116743,Normal
507.15662372193924,7.855721976028786,46764,810,4.624516241980684,Normal
452.23425532348836,4.157299033010785,42099,677,3.768085276782201,Normal
547.8979825746392,10.873119608315335,5980,337,4.332535722958077,Normal
533.3662105286949,11.80786968217239,11219,755,4.977671062778329,Normal
603.7539944257899,5.274135128916323,18100,388,3.4514554476782546,Normal
448.9983601145253,7.9805385905801245,53338,403,3.7797994925821614,Normal
473.01250647066286,11.238308522010396,2129,81,3.9600947546201715,Normal
402.12362842176924,14.114990939423397,64835,825,3.2760309740401032,Normal
455.57067399238883,10.041587415350817,53184,524,3.1620772209301133,Normal
537.7300493044852,8.54399411754173,52337,258,4.659445732643249,Normal
575.6988616645352,9.63420711779032,64256,214,4.953588745655172,Normal
407.78346758223745,12.74975283829637,16441,697,3.8094501276593173,Normal
586.960592010566,8.70807164175093,25753,982,3.1752996723893068,Normal
635.5637858804951,8.401615986699493,47980,241,3.1316235213811527,Normal
541.3434903223701,9.034512955635936,31123,80,4.782636412720597,Normal
687.6795812558066,8.093342783482575,53875,148,3.92762849945536,Normal
422.6210800896427,10.245340631989592,33622,704,3.640054633124784,Normal
375.5345296688583,13.24935691693912,30985,175,3.952922542478799,Normal
322.12797510957216,10.646158546232058,13626,936,3.6366081893846944,Normal
649.6044311489184,9.495292995747425,53962,397,3.97807155061524,Normal
565.4365656354057,9.416377462168912,10280,641,4.7191127938358735,Normal
494.4415329089545,6.873618382606686,21608,800,4.184602742124191,Normal
527.996862631982,11.766219554294318,48004,942,4.389307545620351,Normal
387.45109527016234,9.844325605974396,35705,887,3.729341352468673,Normal
744.5751979616826,9.63904017281875,26816,922,4.477011757021037,Normal
512.9221181975228,16.38621513568972,22928,809,4.333234169758745,Normal
510.9394794604893,10.597505816731372,44385,605,3.239123995504113,Normal
572.5766623898692,8.496417899809632,65527,456,4.145285706231169,Normal
548.1009231736713,9.147284807588914,35564,994,3.513486992619516,Normal
522.3884024279131,12.29689141839351,27560,226,4.608191339267186,Normal
420.9525544554688,10.22654082107553,20188,407,3.851875416933879,Normal
547.1468357135996,7.123444043365266,64067,499,4.989368330392974,Normal
688.2024496475034,11.838457869150407,14020,810,3.1850008758779276,Normal
634.5420046154977,8.663711828922011,57599,906,4.560695725480317,Normal
659.3186626639397,13.74659555243509,63114,857,4.3474034670843125,Normal
448.8784323568815,12.160096131429297,3895,359,4.534997661181411,Normal
401.0395179741419,9.105356208682498,47026,888,3.6150595909809127,Normal
487.4213079900352,12.562032723470226,50836,359,3.984108978764801,Normal
505.57249122886947,10.135711021054806,23650,223,4.593017039447417,Normal
609.4191518470949,11.705547350244439,61003,180,3.46508266324171,Normal
330.75353702851805,10.96946563458895,11545,559,3.4520663935773044,Normal
652.9550319460614,8.307286690018254,62322,411,4.102101906589865,Normal
484.19921014210104,8.712900335365076,44434,788,4.047127159059712,Normal
457.311893005258,12.059921635162322,2156,696,3.5645249408258657,Normal
398.78956247398327,9.330449335786918,34491,594,3.5961513010496455,Normal
334.51433281342304,9.192703073516007,15558,553,3.555690326413131,Normal
582.3170583961914,8.089754841301295,24878,89,4.543024123996975,Normal
507.3317967188404,10.847198131186921,44022,912,4.3038017311249215,Normal
371.0039100258946,14.12504983848629,64838,424,4.6648343668205055,Normal
370.4921227936384,7.864934171491454,40089,627,4.950946056628044,Normal
466.42153007098716,10.048438913345516,46631,694,3.948328592543973,Normal
666.9021525289393,12.824441110830858,8836,610,3.133387762810898,Normal
474.0408648636395,9.840717217508569,62868,536,3.096184620824071,Normal
349.6857046881894,10.904743592499468,5581,847,3.5913300785432383,Normal
475.42569359140555,7.875212943706241,3203,139,4.865089178704902,Normal
472.72764302523296,10.856614194415297,44822,833,4.04642610994175,Normal
230.31133570584285,9.625711469990902,10089,709,3.5435730321602583,Normal
494.57051334821875,11.971459991359726,9299,707,3.798333589022039,Normal
476.9065469791322,12.374772103129501,51598,921,4.197190214809342,Normal
569.6206364813419,15.179127284037229,48881,236,4.305899316275685,Normal
684.8956094945345,11.15926634642715,61043,75,3.30783901956581,Normal
612.6565029547758,10.651592633164332,36972,385,4.954063353090352,Normal
473.11113094451696,10.388768603154672,21724,718,4.089544453965578,Normal
389.347409125833,9.293667414378623,62343,523,3.2713766355845584,Normal
757.335980324986,10.676967686923382,40488,763,4.787270506692267,Normal
505.9218434014488,9.409197179721941,43375,786,3.1492768621588576,Normal
501.3929291912946,10.336921952539228,28818,944,4.815470866355025,Normal
497.5874912889997,12.63519507121592,29807,474,4.993131312577965,Normal
519.8084760767855,7.986914869440717,18022,123,4.400863598313007,Normal
485.56395880760573,12.27975712225809,14893,96,4.540894442147979,Normal
442.63379931197636,12.634230134679731,61339,249,3.6746056729349728,Normal
445.31410587596076,9.763862946017843,45549,933,4.883153705467867,Normal
496.7246729784002,5.756290201982811,29176,277,4.059427932216735,Normal
445.6575228866235,8.784356025811135,21978,283,4.4647768931951095,Normal
428.7154217322836,12.593989093122218,32579,350,4.848215431822559,Normal
510.64302276918966,9.954263875402235,64377,201,4.950359951951016,Normal
474.5022782579145,8.001395535410179,17678,912,4.6664087131933485,Normal
650.3992988582688,8.990450157543565,46050,787,3.60603501396406,Normal
234.90301916069882,11.681240053009105,36260,569,4.9330950331041645,Normal
609.1506851922462,11.093467136402758,48000,707,4.256239062487143,Normal
624.6085192497629,9.522135801660612,16066,46,4.86128495270392,Normal
292.660976759185,9.266351176370625,26990,295,4.3522100516287034,Normal
465.7312405919651,9.216483701912356,49431,671,3.614477923695441,Normal
462.85591340042083,8.155179631002994,45338,318,3.740049048285632,Normal
359.24883052821787,13.230751378938884,46119,976,4.100943554205881,Normal
422.21833124091245,9.355359061577321,15294,818,4.580029683119764,Normal
388.94241545341714,12.434317041650992,31932,110,3.63596510268067,Normal
675.2270443423622,13.042632103844902,16547,499,4.159462332268384,Normal
593.5678393147462,11.996621796295921,63457,592,3.691249987152803,Normal
627.1555094994159,9.136759374563903,48092,477,4.631538809270214,Normal
572.1672064043235,10.80746018067322,21015,470,3.933456187535901,Normal
387.0948228782771,9.951608787218168,11799,384,3.1534456537057705,Normal
447.5479733720226,8.192596278539744,13289,878,3.3321050429630725,Normal
548.9374561227918,10.648718563443206,20483,694,3.1222093352392646,Normal
377.7872191108055,7.641920417680395,62274,370,3.9986058920286505,Normal
571.2998430172388,12.375358776923127,17697,674,3.2126745946964546,Normal
475.9674601841865,9.070765405403215,58296,419,3.228279938619264,Normal
462.5179192450403,10.402319311745678,28080,272,4.882096520076754,Normal
571.0959968203491,10.566575743092285,7638,800,4.745310144352111,Normal
544.4263311486039,9.482190052591845,37044,900,3.904173193622732,Normal
463.903383418092,11.17338760295055,8439,822,4.971610641700412,Normal
615.9329803364249,9.05019268675495,24179,478,3.000373056341326,Normal
391.89366724001025,11.742594594914488,50454,718,4.227958912546788,Normal
561.5935606944264,7.308040639506503,44908,936,4.23285635474374,Normal
559.3101257968384,10.252759159092824,17988,518,3.9148861117397766,Normal
469.045356068601,13.87785799811657,38750,969,3.7938959458685857,Normal
532.6133022242118,7.999337350788851,58621,990,3.910766270961215,Normal
374.8886423614697,8.644510058950297,38068,945,3.829920872159361,Normal
592.4027019206901,11.02781569931783,58173,527,4.460984954964599,Normal
481.50978635570107,10.359163563879196,38568,323,3.2707108699465683,Normal
447.7276979480961,10.701260198547118,51000,520,3.3952784411822603,Normal
604.900922583689,10.978374260295327,33276,822,3.361036456784847,Normal
429.5656309457241,11.26944293712354,4856,617,3.524941170242529,Normal
359.15387036364405,12.219399683912446,26299,185,4.050516837563166,Normal
344.33708264760963,10.819637313857026,15925,434,3.2224174946764377,Normal
560.600995134564,9.517484690762915,39237,481,4.736338590653008,Normal
371.9570647503717,11.345147402405463,35172,939,3.5947230626169446,Normal
675.4794181984364,13.799763869790432,62264,133,3.3250759749374157,Normal
291.8070592116278,9.734732507234853,43657,452,4.351242619196487,Normal
669.6456368290038,8.050941390658718,61095,375,3.0761726011986386,Normal
521.1017467202619,12.214161338573945,23942,947,4.239937129748329,Normal
490.32868881296076,9.759237672092803,47718,714,4.396396861353,Normal
445.508091319105,5.654660907971928,64421,226,3.4298330627734384,Normal
539.913611435207,11.694843354300843,20564,787,3.083928146887269,Normal
496.23652975751514,8.929343628092155,12604,254,3.7272907178388994,Normal
610.3301882016522,9.818933435391678,54483,461,3.197188460483873,Normal
511.422764866204,10.663960661138029,39426,374,3.2329556993466744,Normal
515.0301761461877,10.380999359558134,58751,534,3.5085224628897294,Normal
463.63877877861444,11.41890363427808,39602,227,3.5909358492535186,Normal
494.30543762789324,9.129027258860313,25941,728,4.059940682042841,Normal
530.7801768892059,11.026211596352166,23342,872,4.356783771006026,Normal
328.98316073433745,9.480906644832165,11203,144,4.185541881740369,Normal
365.1814577894287,11.477620961775006,13275,157,3.2967206745790336,Normal
574.3264094022715,11.230734968026107,46923,358,3.344172064905253,Normal
517.0865438127942,8.12912259591081,20517,556,4.757538499585829,Normal
481.60166636473207,12.171964232350064,21490,87,4.116704630128227,Normal
501.8433933065393,8.928073109771905,31230,592,4.739875665795378,Normal
534.7581705361671,11.61611559656229,46499,560,3.7430930226397487,Normal
446.02403196906386,10.734574626802681,61166,402,4.228800014862648,Normal
422.16952745976874,13.676367353590244,20648,38,4.0473268321092215,Normal
519.5845255097681,9.553068035256295,27588,702,3.6382469796409254,Normal
402.1627222384968,9.301366407763606,23436,469,3.9398307440671907,Normal
540.8252755714472,9.961160788224534,29014,93,4.004981753653864,Normal
329.74163957621596,9.393640434331449,52025,592,3.401541949513357,Normal
602.9155637325644,11.5998838038841,58673,958,3.6300207447534634,Normal
547.2597482413044,6.767378783126825,61981,684,4.582819501013951,Normal
525.6029734313876,7.892635161707291,36541,295,4.8315764789082545,Normal
598.2690983945514,7.864394156841614,14180,67,3.719588187090599,Normal
666.5474444462577,11.900615183947151,24088,230,3.6139445644180364,Normal
601.437006501813,13.42122674516385,26735,874,3.3903943291437653,Normal
315.9125768668355,9.791101562925057,31130,939,4.3569823373011625,Normal
372.0423033264299,9.66235655361998,17613,670,3.6461994033326746,Normal
437.5181422304321,10.140104326226362,24760,641,4.975499078198377,Normal
502.6091050210834,12.323756605216381,21999,714,3.6513696041279067,Normal
551.7659020469123,8.145293731618851,37242,559,3.788272093565256,Normal
427.42561868465344,10.476737965469571,8238,728,4.20666839242407,Normal
518.6766764477078,11.950395259564859,31605,210,4.60336858638261,Normal
424.4617067646677,11.002188339879691,21219,334,3.939037330691267,Normal
438.8482197008052,10.379163233197486,45606,920,3.8453120675779164,Normal
359.33389031517777,12.002092185134282,61967,582,4.991275667189616,Normal
407.6766753889096,4.593535414001526,28151,680,3.020987282279889,Normal
364.83153943836663,11.355750639061815,6165,799,4.790130577702492,Normal
402.4126747022667,8.691848633745153,29908,581,3.298281651879475,Normal
605.364179660784,6.338734206287086,25909,919,4.571850552417827,Normal
405.06011111680573,11.022405199049961,3732,777,4.2358631196925955,Normal
763.2382064837391,12.747317090325915,19399,132,3.683694570996184,Normal
549.331790088089,9.725102970744617,16112,189,4.747749911042037,Normal
518.4836123694874,11.905749094405877,58639,487,3.025814455961984,Normal
414.16422198187865,13.22455651597729,45626,697,3.4533813041498473,Normal
570.0309879408992,12.629828907168095,46070,940,4.133785592499072,Normal
442.4362173762226,13.279929058742786,11038,33,3.703084520099396,Normal
512.2009814645362,11.484254982143785,65449,734,4.220754990636655,Normal
756.0084538268795,10.150867277803185,4297,307,3.0482203868173334,Normal
490.394010027535,6.796068376205663,48159,926,3.232917860963425,Normal
614.9273326285676,9.507875023740104,38330,208,3.2541924804368785,Normal
429.68235748741125,8.313506809367617,31905,933,3.378567291832019,Normal
496.50115095030384,14.341885434995628,32510,174,3.918662881601086,Normal
677.080063563551,9.648228375135327,13565,586,4.504257399087143,Normal
437.30329422122327,10.246409613568972,9736,713,4.811077675857803,Normal
681.2448557996929,11.102970752080935,10192,741,4.670745060568493,Normal
570.7751935455475,10.087204892744907,53898,907,3.393775743551367,Normal
443.7533224105732,13.390102080861507,4575,490,3.8823011044612645,Normal
563.2407739055521,8.754701276531096,13321,94,3.3988231955170702,Normal
597.255444962673,10.389214910474486,44757,296,3.5289436333343813,Normal
562.1809962217196,8.515058828603904,28152,959,4.007093963023772,Normal
342.97752801095436,7.359954977558589,3856,664,3.136218049447045,Normal
427.2862824175131,8.776461818189428,29507,362,3.4363486591865464,Normal
475.24813644484954,9.925926405903176,23087,444,4.870756322614234,Normal
492.5566570899954,9.14139555096548,23987,590,3.932232585316978,Normal
562.0672097550678,8.615158040252288,14446,530,3.8907730519557444,Normal
517.7701000933254,7.187365072656332,33944,876,3.029134309502558,Normal
366.46556412898985,9.833788854742611,55930,201,3.4947994941166916,Normal
538.0197851005963,6.990559251937995,12180,477,4.732584871964363,Normal
561.0585745283823,11.520111927379205,12132,937,3.3292568565173375,Normal
555.979044793104,10.164879505869006,32869,870,3.8302498790694424,Normal
608.0780725554622,7.084897001070139,3824,852,3.0286618117340023,Normal
583.3922154548904,9.381581845900273,64320,83,3.9566709633411117,Normal
545.9180079228437,8.495687188818835,39102,858,3.0420422134524343,Normal
492.9834288541353,10.63834902083836,43736,279,4.6392191061316,Normal
333.90390664840083,12.680900892046289,3634,212,4.649707534974207,Normal
542.9618219132586,6.249655060708511,13091,674,4.57548437660474,Normal
520.7687687163111,10.230052158294834,34896,635,3.5667281377822366,Normal
527.1578837195374,9.67973440886672,11752,991,4.674474436443636,Normal
372.32514241796906,11.34268015290093,30590,425,4.085996265210539,Normal
391.89434595917373,10.426393256475379,30807,745,3.747616217734005,Normal
605.3152853332904,8.496061336522361,57537,773,4.250659919408466,Normal
496.0444846143345,9.361892128666764,21607,962,3.024682092120748,Normal
568.1500697372625,8.407948286393022,21262,740,3.285921755201504,Normal
502.8318376130461,12.152014277197196,8287,112,4.484587076340525,Normal
502.9756139495745,10.042623297343884,61862,449,3.4883232174323062,Normal
593.8283805975998,13.802381371506016,2938,673,4.196018234657499,Normal
448.3955271782626,9.878678372370759,24773,453,3.770205205646059,Normal
509.61207769409833,8.583186466179075,20480,423,4.709611557598523,Normal
453.7724711294958,6.972571214774346,26606,453,4.904830611993287,Normal
456.55037725676846,6.393720647488109,1430,131,4.767129456740381,Normal
469.08278765313605,6.831728113989021,14713,948,3.5412399893871935,Normal
522.2133771633713,10.534253302022966,33958,394,3.3883257380921643,Normal
452.1251378336523,11.017450046459867,34300,78,3.94886978724147,Normal
625.5756125573521,6.837618595935734,51837,62,3.0146683016723603,Normal
410.53926977804963,11.790076628152232,64824,226,3.0516187857263635,Normal
481.3128355838641,9.033877896633122,37456,799,4.106581279246,Normal
456.0268941725825,10.293586023971098,20897,315,4.040898808330572,Normal
644.6977884353732,13.224441256510849,14074,137,4.98916397807052,Normal
519.6554776511574,11.793678631731064,1704,551,3.403683670727516,Normal
603.1844539468635,9.462938704188335,19932,241,3.5162078583209366,Normal
351.44396269630283,8.217615549169425,19528,185,3.2270812846525736,Normal
526.7050265869259,5.69636919734139,22668,662,4.835086019307489,Normal
588.9630795623438,8.56169336151516,63045,175,4.555622488916901,Normal
508.2283989275424,9.577739522344611,38149,203,4.644678222913695,Normal
606.5480375065351,8.025640945697631,2387,109,4.805527575929018,Normal
448.2711549899628,9.737486065815391,43315,113,4.049799973451677,Normal
640.9347440185579,10.153703765917536,36084,32,3.9023863829014473,Normal
729.889812361925,9.550288036383844,2562,992,3.660782947331233,Normal
463.7161439560341,8.699994838353081,37200,853,4.178429228695711,Normal
455.4497478599228,10.337309343933455,57918,824,3.908556793579645,Normal
645.3384477117701,10.883881299138817,42544,964,3.9031311732111504,Normal
657.9572145730713,7.819201845114308,26699,761,4.873855727462278,Normal
447.71399728467316,12.82186475949254,19311,853,4.9680630285582605,Normal
457.98131829041426,9.802823735431476,1198,823,4.592968778659161,Normal
471.82153911394926,10.037699245889696,27756,457,4.513516180493856,Normal
365.5549488965723,11.416428846513114,36022,557,4.361116323558203,Normal
408.1348053515802,10.466432262527004,38079,606,3.332149704667027,Normal
399.5859233247932,11.90627326782649,54336,987,3.118211641751309,Normal
423.2202434895872,10.574248330403648,13136,895,4.381452630226526,Normal
496.5315112613219,8.775125250719125,40898,955,4.457572444513152,Normal
523.421473253652,10.723007050412203,10713,830,3.0939459821962796,Normal
655.0500492814077,7.712547585358676,45838,169,4.856103500457696,Normal
400.1645959261209,10.217119411553046,20579,679,3.182281278889355,Normal
598.4322398476584,9.933540018711078,51743,27,3.571801067542405,Normal
478.6011155774491,9.58376628545492,65375,48,4.344779625597409,Normal
495.0536290347567,9.742924977122138,34943,315,3.3397451888089527,Normal
567.4819492166604,6.236301909004721,8643,945,3.110831776884489,Normal
387.72779784377013,8.902550184518077,7057,740,3.6622929783282996,Normal
538.2409746184051,10.18568980228223,42352,659,4.531943149710358,Normal
516.6452208213057,10.3197127839948,5970,359,3.827357357970521,Normal
549.2451264008149,7.944649718148083,25642,647,4.305945843815879,Normal
528.9168643907818,12.531415681729401,35699,458,4.1592381944562735,Normal
745.5300139910894,8.267650303571,37282,163,3.044436964051161,Normal
436.2260015748684,11.938914401053474,19943,961,4.977079974091414,Normal
446.9003044998182,10.85438872374337,5197,849,3.0828561776387753,Normal
437.68594735752356,8.707545380312395,44857,766,4.9356054752969705,Normal
444.4522880839745,13.550621785219024,27424,538,4.0997283567287965,Normal
436.26128726934826,7.6127263364870394,51469,995,4.9263180541301335,Normal
618.9016531107552,11.838308347220003,5793,64,3.2295071988276707,Normal
642.0504247989854,12.001164636085957,38588,974,3.9808170383710264,Normal
442.9253706250524,8.65875958184671,46838,258,3.3390081837321173,Normal
416.7644426895771,12.784930600128657,15235,971,3.1019497540448846,Normal
547.1415556386404,9.499906970802094,24279,963,4.235058230124623,Normal
444.7776955719029,10.577387258559714,28986,174,3.4155668419233827,Normal
563.293181775551,10.520643677542441,20380,200,4.175394036575092,Normal
520.29230208513,9.731382517058904,21330,234,3.224728963897971,Normal
348.42558850027683,11.621616546319565,6021,107,3.6639729428654055,Normal
654.7505201330061,11.586977441104427,57208,275,4.5632651161064945,Normal
679.5877673095522,6.502936053523639,18400,530,3.874103043684375,Normal
438.72113095156135,12.608680485756306,41904,92,4.255490829794673,Normal
461.2298440064016,6.675016023928651,39079,950,4.294915881491092,Normal
528.5865390724905,12.065092408683315,11602,198,4.687510087974587,Normal
533.4456789987025,12.253410273655167,19648,231,3.6498455888132826,Normal
565.8544272672831,7.818067139569603,51652,824,4.374591125165035,Normal
701.020453876635,9.17837142409083,40218,253,4.923231614092331,Normal
482.30527725059505,7.7885906630281285,45391,484,4.4604866687157365,Normal
420.17027554615464,9.57015793942253,1413,770,3.9797409534354893,Normal
362.06807719854726,9.383931431628518,34791,242,4.2614348889838585,Normal
426.9069960058081,11.559321064538679,46604,650,4.479365795526216,Normal
496.6873027126203,12.620617492239216,49391,844,4.224551531387744,Normal
679.4557863517788,12.791367621579912,2879,283,3.0333516269796785,Normal
448.23887009638287,8.875663946843396,41917,226,3.3895469953744515,Normal
522.3787951638899,9.581556252510945,14818,626,4.6209364344309325,Normal
498.3577103927248,6.6331236155581,59026,904,3.545301294624969,Normal
618.8393273448085,8.388259867007623,36555,753,4.463124239122267,Normal
752.6932425873622,11.929703266194915,53839,385,3.7442404304833974,Normal
446.91312270796794,13.231165647096464,6010,295,4.043768656315886,Normal
451.05605574817776,7.531302256240156,33322,399,3.1359465996388076,Normal
604.4160877069072,8.815071481694211,2505,762,3.362451122099419,Normal
568.1891489626312,9.947188486082146,57432,328,4.91439392703847,Normal
684.6707325736033,10.560322317639214,4755,650,4.780276106893828,Normal
558.3928185325964,8.380792960156707,57438,287,4.304550221798101,Normal
464.070790921294,10.848122088928179,17859,964,3.9192891947714745,Normal
559.0654830692309,9.052321305858168,60843,804,4.351522585790447,Normal
610.8703580582908,9.971095458243441,28822,83,4.237220578187878,Normal
582.0482181197364,11.092568496007399,27137,829,4.137104511209224,Normal
550.7274031107298,10.012844539621875,20501,369,3.1183541437270836,Normal
606.6674689589154,9.127228218946863,18290,944,4.265605221323014,Normal
616.9295590445672,9.780780392148339,21816,934,4.537840089142337,Normal
638.2158991037527,9.823274081589329,21476,513,4.988163309291151,Normal
564.8709887589642,9.259977940235744,63303,542,3.0221571051886196,Normal
483.28819196831455,9.482407874665796,44550,117,4.4603469066213535,Normal
514.6713686433322,13.197294341009433,53453,965,4.143578631871961,Normal
620.6508966508356,11.121838895882478,50103,90,3.8681043521619136,Normal
418.30643290127637,9.409039363941679,42358,383,3.2551403491427418,Normal
536.8673308872901,11.393908809021472,62914,589,3.818170297269752,Normal
460.6661187672639,9.33236102048798,12913,821,3.7087543659722706,Normal
502.8744822934818,12.346249275173282,25359,782,3.6056597779574844,Normal
627.8451862607299,10.739284384396187,12278,295,4.461759246644416,Normal
519.1099068019903,9.785395711991542,22098,69,4.401451042568528,Normal
504.64365481561487,10.895433851620556,12466,377,4.178040181961823,Normal
364.0143859020081,6.858247695863001,47313,747,4.877329626586745,Normal
574.625356602722,7.746465062180389,54771,925,3.6997087683617087,Normal
564.5484181141076,7.612149987201889,38351,947,3.4876038754203593,Normal
716.3254723305461,10.285886189527414,17223,583,4.311806626196799,Normal
469.2221765046999,13.465029998970184,8315,802,3.397628121874806,Normal
521.9150327663939,14.462600292385265,41952,504,3.630021014366849,Normal
524.9383683710755,11.276102202881514,1136,103,3.44920488014977,Normal
657.7453279763474,11.001688949888914,22539,918,3.1383071354370022,Normal
490.4704467613048,6.3978845316945225,20605,824,4.654997483271346,Normal
527.9021525770339,8.914652400531956,49716,657,3.5090810858433223,Normal
560.7896509716539,8.424432496183522,60746,827,3.9460550066860414,Normal
518.6609123156359,8.758304803497769,27524,603,3.0866305465086237,Normal
455.35663854494715,9.66371236283042,33050,315,4.398678932505286,Normal
519.4089992898307,9.055818844605746,17547,255,3.6611220046125816,Normal
607.3631749859773,6.041400379248424,2448,75,4.48947345565842,Normal
397.348470058894,11.495820512235067,53125,938,3.8248061209357322,Normal
513.2969674146876,7.8545139485203865,20576,379,3.391511212811249,Normal
429.9879185060827,10.478493728222299,58884,926,4.026350164564072,Normal
619.5046628924842,14.148165339499947,11832,129,3.2610091192748794,Normal
347.68130952162255,8.161230816827153,39835,211,3.8810783197459893,Normal
444.10781527284115,4.9394249545073405,8013,923,3.634610954840973,Normal
537.7211875064521,9.427991556239778,24644,112,4.823919168399266,Normal
656.5524029234341,12.201919269997141,40053,881,3.12185744344144,Normal
493.42497389270125,13.916694908441187,1911,587,4.3880348282114845,Normal
444.4800473306802,7.540900811095167,32826,79,3.365502331974872,Normal
688.115706944059,10.993398446473044,20512,669,3.63809014866448,Normal
355.19860995837564,9.069379086439893,31037,58,3.831028126124132,Normal
280.1194043379918,9.788103291391728,50225,559,4.816030178749949,Normal
544.0014450053333,15.28868669403407,54127,68,3.4851565321476503,Normal
449.7945775647389,6.994059343209694,53736,439,3.1826176050893404,Normal
397.8767182869287,10.507479322989147,17426,656,3.637379207981047,Normal
570.8356447299353,10.935386343530867,22229,32,3.2093519410710667,Normal
524.3800713771199,12.171572649878694,56516,55,3.2571929719211052,Normal
443.59213692632716,10.195966306941791,58234,120,4.147701195950053,Normal
371.9695601329106,10.616101079008205,27073,813,3.1218038661989866,Normal
587.2457328280145,9.216702865156417,13277,105,3.061861762787132,Normal
565.0201177958661,10.538253882490215,20014,535,4.428828202940996,Normal
490.0824136220617,9.313615449005178,8870,242,3.723294189682089,Normal
684.6636996047666,11.243143779712101,26051,357,3.250750698467747,Normal
392.99152336738473,9.260779327912733,40224,979,3.5072255417194165,Normal
347.44748290752614,10.754200787804374,47244,185,4.284173014704798,Normal
430.80919301187555,9.941474372630044,47187,402,3.5510731342817023,Normal
495.4413983644502,12.252100501544337,4789,875,3.989042250240816,Normal
524.3339449322692,9.897212552823028,52614,914,3.243390613453345,Normal
475.876394214367,32.26967531793119,16974,395,6.676187275210894,Attack
535.2055396514297,62.61921500713992,46294,490,6.132155367686528,Attack
374.8460575809556,40.942676991373816,10765,809,6.7539368690574335,Attack
644.3764604073259,43.462336613511795,23766,661,7.116789764608046,Attack
491.7848821607431,44.04338705956508,61842,50,6.723292838779985,Attack
611.7295831588127,63.74438093170817,25727,394,6.0914951251900415,Attack
534.2725346377704,28.643257860213044,39733,30,6.0114874030966,Attack
545.6753219153784,81.37748533659995,57820,321,6.1548419174668965,Attack
556.9767280232204,60.56056809066051,38647,115,5.82924102647301,Attack
544.7708560017315,52.23238914129159,23955,209,5.86234370170004,Attack
564.2722759867544,49.451059993837134,24604,472,7.081382203800336,Attack
632.9152530132432,52.85554074857657,56087,211,6.26946515301489,Attack
519.6521169701471,55.211224283793385,56657,505,6.3719903611411715,Attack
570.9003757588512,56.452155859500564,16190,285,6.688098931133622,Attack
491.02643057127733,55.55604466003448,52937,443,6.679306990303095,Attack
644.0117215449472,50.895806812552486,54632,147,5.634753743043851,Attack
432.360769794073,48.02661579692674,30264,257,7.163081572675331,Attack
680.0940432910816,48.48726716346488,27015,939,5.854653106447879,Attack
495.9842049355657,48.050917196473186,56537,374,6.946143272099338,Attack
356.9224897881952,61.337700968670646,55869,959,7.045341976256333,Attack
512.8104414910789,55.93556722280862,39580,131,6.929799068182628,Attack
431.89483425251194,20.596113653357197,33993,847,6.657955293108291,Attack
584.0643548988724,56.559007765297615,56336,465,5.529217994217766,Attack
434.7376020697609,51.94736194718775,11585,362,6.220750984726341,Attack
455.381656678522,49.81291243554103,17925,164,6.709678858725162,Attack
311.0459269054469,46.11481546911114,41529,84,6.274902591845077,Attack
454.7693680750923,61.24112719986013,31044,266,7.226959789825626,Attack
257.61206733710435,59.47526462122858,63899,754,6.11760455069923,Attack
341.6097176514277,42.27122332176391,26941,509,6.087069584917321,Attack
576.0414656144297,54.07052287124535,63144,844,6.031995386185316,Attack
578.5800158650832,40.283432654587145,3012,458,6.165561737921591,Attack
542.5457561784965,36.203818352110694,49233,125,6.614809928628374,Attack
403.3023856870787,43.73282775410034,45529,200,6.914030588545182,Attack
495.228864385802,58.62393472382759,63955,203,6.82513583547757,Attack
499.63974609094316,59.53125045376087,62888,245,7.115435639962959,Attack
384.1635310807457,55.130854200972934,15280,796,7.27182799099485,Attack
650.339830176715,57.25095786847997,53978,809,7.1321580846867025,Attack
587.7362290575671,55.16178287114958,23216,928,5.53789080674871,Attack
477.90358261703363,43.585184047770476,61643,108,6.971835907103977,Attack
502.6885838994531,54.31922544673941,29254,707,5.916799147236663,Attack
520.8382807947553,58.00409525227682,40954,549,5.765856085415965,Attack
295.82651315757096,57.542913298135744,60802,390,6.776977569598271,Attack
475.2822617479403,61.88913371474642,46857,991,6.13948639081539,Attack
431.80157520022016,57.08303847201064,23649,955,5.6142343267408865,Attack
399.83799901050844,53.51448207541583,33112,932,5.7752594687967225,Attack
471.8899707114045,60.70150238316428,15138,418,5.501858833739922,Attack
679.7686526849523,49.7347874075094,42191,125,7.306447254689415,Attack
564.084286126701,41.18125348772282,39425,290,5.549235967682478,Attack
442.8821010217203,48.369330360562365,6779,994,5.918911539019022,Attack
557.2582781356159,42.55097355193551,11849,850,6.332525561375815,Attack
